,word,slice,cluster,distance,sense
0,aristocratical,c1_en_gay_colors,aristocratic;festal;low-spirited;gentle;womanhood;gloomy;cheery;gentleman;juicy;merry,0.059990108013153076;0.2024877667427063;0.23450535535812378;0.24849563837051392;0.2666704058647156;0.27543359994888306;0.2797584533691406;0.2823379635810852;0.2907712459564209;0.29315370321273804,1
