,word,slice,cluster,distance,sense
0,braw,c1_en_gay_colors,merry;grim;gloomy;aristocratic;low-spirited;gentle;festal;womanhood;girl;aristocratical,0.22802817821502686;0.2673109769821167;0.2862470746040344;0.2918226718902588;0.3039413094520569;0.30754512548446655;0.3151266574859619;0.31712591648101807;0.3237055540084839;0.33646053075790405,1
