,word,slice,cluster,distance,sense
0,demokratie,c1_de_ww2,deutsch;wirtschaft;deutschland;frankreich;krieg;england;italien,0.2293163537979126;0.25079643726348877;0.2523030638694763;0.2654532790184021;0.3248675465583801;0.350661039352417;0.555503785610199,1
1,demokratie,c2_de_ww2,diktatur;krieg;deutschland;frankreich;england;wirtschaft;deutsch;italien,0.21564197540283203;0.2641350030899048;0.2820420265197754;0.3329588770866394;0.3387860059738159;0.3424121141433716;0.3891095519065857;0.4126514792442322,1
