,word,slice,cluster,distance,sense
0,democracy,c1_en_ww2,economy;war;military;dictatorship;patriotism;german,0.20279133319854736;0.20421278476715088;0.32892024517059326;0.332247257232666;0.34480440616607666;0.415951132774353,1
1,democracy,c2_en_ww2,economy;war;military;dictatorship;german;patriotism;nationalism,0.18252354860305786;0.23259443044662476;0.24367821216583252;0.27689939737319946;0.28084439039230347;0.322842001914978;0.35243237018585205,1
