,word,slice,cluster,distance,sense
0,deutschland,c1_de_ww2,deutsch;england;frankreich;demokratie;wirtschaft;krieg;italien,0.1964161992073059;0.19862210750579834;0.24122834205627441;0.2523030638694763;0.34557998180389404;0.4048534035682678;0.4134836196899414,1
1,deutschland,c2_de_ww2,deutsch;frankreich;england;demokratie;diktatur;italien;krieg;wirtschaft,0.17566275596618652;0.22684907913208008;0.24383699893951416;0.2820420265197754;0.3246876001358032;0.33934372663497925;0.3469311594963074;0.3666207194328308,1
