,word,slice,cluster,distance,sense
0,deutsch,c1_de_ww2,deutschland;demokratie;frankreich;england;wirtschaft;krieg;italien,0.1964161992073059;0.2293163537979126;0.2519763112068176;0.2707980275154114;0.33399391174316406;0.39237141609191895;0.4970560073852539,1
1,deutsch,c2_de_ww2,deutschland;frankreich;england;demokratie;wirtschaft;krieg;italien;diktatur,0.17566275596618652;0.23847943544387817;0.34967851638793945;0.3891095519065857;0.396684467792511;0.40615034103393555;0.4238194227218628;0.4334178566932678,1
