,word,slice,cluster,distance,sense
0,dictatorship,c1_en_ww2,patriotism;military;economy;democracy;war;german,0.25174999237060547;0.27723395824432373;0.28827619552612305;0.332247257232666;0.3423333764076233;0.4590449929237366,1
1,dictatorship,c2_en_ww2,german;military;war;patriotism;economy;democracy;nationalism,0.25104278326034546;0.25334638357162476;0.258630633354187;0.27044111490249634;0.27423959970474243;0.27689939737319946;0.2819211483001709,1
