,word,slice,cluster,distance,sense
0,diktatur,c2_de_ww2,demokratie;krieg;deutschland;england;frankreich;wirtschaft;deutsch;italien,0.21564197540283203;0.3211236596107483;0.3246876001358032;0.32564234733581543;0.3621174693107605;0.37892210483551025;0.4334178566932678;0.4392275810241699,1
