,word,slice,cluster,distance,sense
0,economy,c1_en_ww2,war;democracy;military;patriotism;dictatorship;german,0.14191436767578125;0.20279133319854736;0.26056450605392456;0.263316810131073;0.28827619552612305;0.3946363925933838,1
1,economy,c2_en_ww2,military;democracy;german;war;dictatorship;nationalism;patriotism,0.17504185438156128;0.18252354860305786;0.2389233112335205;0.2466742992401123;0.27423959970474243;0.3062611222267151;0.3362554907798767,1
