,word,slice,cluster,distance,sense
0,england,c1_de_ww2,deutschland;deutsch;frankreich;demokratie;wirtschaft;italien;krieg,0.19862210750579834;0.2707980275154114;0.2755323052406311;0.350661039352417;0.38293206691741943;0.4268081784248352;0.4288570284843445,1
1,england,c2_de_ww2,deutschland;frankreich;diktatur;demokratie;deutsch;italien;krieg;wirtschaft,0.24383699893951416;0.28166472911834717;0.32564234733581543;0.3387860059738159;0.34967851638793945;0.37752753496170044;0.3792957067489624;0.3941081762313843,1
