,word,slice,cluster,distance,sense
0,frankreich,c1_de_ww2,deutschland;deutsch;demokratie;england;wirtschaft;krieg;italien,0.24122834205627441;0.2519763112068176;0.2654532790184021;0.2755323052406311;0.354891300201416;0.35976481437683105;0.4157547950744629,1
1,frankreich,c2_de_ww2,deutschland;deutsch;england;krieg;demokratie;wirtschaft;diktatur;italien,0.22684907913208008;0.23847943544387817;0.28166472911834717;0.315360963344574;0.3329588770866394;0.33517199754714966;0.3621174693107605;0.3683467507362366,1
