,word,slice,cluster,distance,sense
0,gay,c1_en_gay_colors,cheery;low-spirited;pinkish;festal;gentle;aristocratic;aristocratical;racy;queer;merry,0.2380562424659729;0.250909686088562;0.2666267156600952;0.28348320722579956;0.29478001594543457;0.29766154289245605;0.30802297592163086;0.3132709860801697;0.3158835172653198;0.3227323293685913,1
1,gay,c2_en_gay_colors,homosexual;racy;womanhood;pinkish;pink;jolly;queer;merry;bluish;gentleman,0.15035313367843628;0.23442083597183228;0.2532657980918884;0.2713753581047058;0.2846895456314087;0.2869220972061157;0.31636178493499756;0.3165733218193054;0.31706249713897705;0.3187858462333679,1
