,word,slice,cluster,distance,sense
0,german,c1_en_ww2,military;economy;patriotism;war;democracy;dictatorship,0.3622679114341736;0.3946363925933838;0.3987770080566406;0.4101695418357849;0.415951132774353;0.4590449929237366,1
1,german,c2_en_ww2,military;war;economy;dictatorship;democracy;patriotism;nationalism,0.20569878816604614;0.22327399253845215;0.2389233112335205;0.25104278326034546;0.28084439039230347;0.34194087982177734;0.3558152914047241,1
