,word,slice,cluster,distance,sense
0,girlfriend,c2_en_gay_colors,gentleman;girl;woman;womanhood;homosexual;fille;gay;cheery;merry;man,0.2716491222381592;0.27266502380371094;0.27811509370803833;0.29941725730895996;0.3050641417503357;0.3323371410369873;0.33234745264053345;0.36129599809646606;0.3614770174026489;0.3791869282722473,1
