,word,slice,cluster,distance,sense
0,gloomy,c1_en_gay_colors,grim;gentle;aristocratic;merry;festal;blue;aristocratical;blueness;braw;low-spirited,0.13891559839248657;0.1796741485595703;0.23892217874526978;0.24154412746429443;0.26686543226242065;0.2706162929534912;0.27543359994888306;0.2853795886039734;0.2862470746040344;0.30890345573425293,1
1,gloomy,c2_en_gay_colors,grim;jolly;aristocratic;merry;festal;cheery;racy;gentle;gentleman;festive,0.18050187826156616;0.24279534816741943;0.24650251865386963;0.2515541911125183;0.2527894973754883;0.2537747621536255;0.2643536925315857;0.26821041107177734;0.28075456619262695;0.2888842225074768,1
