,word,slice,cluster,distance,sense
0,grim,c1_en_gay_colors,gloomy;gentle;aristocratic;braw;merry;festal;aristocratical;low-spirited;blue;racy,0.13891559839248657;0.24819070100784302;0.2642059326171875;0.2673109769821167;0.2704804539680481;0.3090709447860718;0.3156324028968811;0.3263760805130005;0.3339398503303528;0.3347303867340088,1
1,grim,c2_en_gay_colors,gloomy;cheery;festive;merry;aristocratic;gentle;racy;jolly;gentleman;pinkish,0.18050187826156616;0.23789548873901367;0.24160641431808472;0.26604241132736206;0.2683650255203247;0.268993616104126;0.2804955840110779;0.28998351097106934;0.2993767261505127;0.3005349636077881,1
