,word,slice,cluster,distance,sense
0,homosexual,c2_en_gay_colors,gay;festal;girlfriend;aristocratic;gentleman;merry;gloomy;racy;festive;homo,0.15035313367843628;0.2863985300064087;0.3050641417503357;0.30659276247024536;0.3067737817764282;0.30745941400527954;0.3093487620353699;0.31083744764328003;0.31109529733657837;0.3121919631958008,1
