,word,slice,cluster,distance,sense
0,krieg,c1_de_ww2,demokratie;frankreich;wirtschaft;deutsch;deutschland;england;italien,0.3248675465583801;0.35976481437683105;0.3754434585571289;0.39237141609191895;0.4048534035682678;0.4288570284843445;0.5783587694168091,1
1,krieg,c2_de_ww2,demokratie;frankreich;diktatur;wirtschaft;deutschland;england;deutsch;italien,0.2641350030899048;0.315360963344574;0.3211236596107483;0.342603862285614;0.3469311594963074;0.3792957067489624;0.40615034103393555;0.4229872226715088,1
