,word,slice,cluster,distance,sense
0,low-spirited,c1_en_gay_colors,aristocratic;gentle;merry;aristocratical;womanhood;cheery;pinkish;festal;gay;queer,0.2097153663635254;0.22439628839492798;0.23167920112609863;0.23450535535812378;0.23550069332122803;0.23667728900909424;0.2416204810142517;0.25059181451797485;0.250909686088562;0.2690045237541199,1
