,word,slice,cluster,distance,sense
0,military,c1_en_ww2,patriotism;economy;war;dictatorship;democracy;german,0.2352769374847412;0.26056450605392456;0.2700434923171997;0.27723395824432373;0.32892024517059326;0.3622679114341736,1
1,military,c2_en_ww2,economy;german;war;democracy;dictatorship;nationalism;patriotism,0.17504185438156128;0.20569878816604614;0.20779943466186523;0.24367821216583252;0.25334638357162476;0.25336939096450806;0.31834399700164795,1
