,word,slice,cluster,distance,sense
0,nationalism,c2_en_ww2,military;dictatorship;economy;patriotism;democracy;german;war,0.25336939096450806;0.2819211483001709;0.3062611222267151;0.3103465437889099;0.35243237018585205;0.3558152914047241;0.3609057068824768,1
