,word,slice,cluster,distance,sense
0,patriotism,c1_en_ww2,military;dictatorship;economy;war;democracy;german,0.2352769374847412;0.25174999237060547;0.263316810131073;0.2750577926635742;0.34480440616607666;0.3987770080566406,1
1,patriotism,c2_en_ww2,dictatorship;war;nationalism;military;democracy;economy;german,0.27044111490249634;0.2888619899749756;0.3103465437889099;0.31834399700164795;0.322842001914978;0.3362554907798767;0.34194087982177734,1
