,word,slice,cluster,distance,sense
0,risque,c2_en_gay_colors,merry;cheery;festal;racy;gloomy;grim;festive;gentle;homosexual;gentleman,0.37701600790023804;0.37995702028274536;0.3812359571456909;0.3909933567047119;0.40047091245651245;0.4024507403373718;0.410514235496521;0.41160911321640015;0.4159613847732544;0.43069523572921753,1
