,word,slice,cluster,distance,sense
0,war,c1_en_ww2,economy;democracy;military;patriotism;dictatorship;german,0.14191436767578125;0.20421278476715088;0.2700434923171997;0.2750577926635742;0.3423333764076233;0.4101695418357849,1
1,war,c2_en_ww2,military;german;democracy;economy;dictatorship;patriotism;nationalism,0.20779943466186523;0.22327399253845215;0.23259443044662476;0.2466742992401123;0.258630633354187;0.2888619899749756;0.3609057068824768,1
