,word,slice,cluster,distance,sense
0,wirtschaft,c1_de_ww2,demokratie;deutsch;deutschland;frankreich;krieg;england;italien,0.25079643726348877;0.33399391174316406;0.34557998180389404;0.354891300201416;0.3754434585571289;0.38293206691741943;0.5762447118759155,1
1,wirtschaft,c2_de_ww2,frankreich;demokratie;krieg;deutschland;diktatur;england;deutsch;italien,0.33517199754714966;0.3424121141433716;0.342603862285614;0.3666207194328308;0.37892210483551025;0.3941081762313843;0.396684467792511;0.44496095180511475,1
