word,AP 1960-2010,AP All,AP Avg,K5 1960-2010,K5 All,K5 Avg,K7 1960-2010,K7 All,K7 Avg,FREQ 1960,FREQ 2010,FREQ All,FREQ Avg,MEANING GAIN/LOSS 1960-2010,MEANING GAIN/LOSS All,Parent
bird,0.339117,0.339117,0.339117,0.322765,0.322765,0.322765,0.331826,0.331826,0.331826,459,372,831,415.5,True/True,True/True,"awful1,None"
dog,0.319666,0.319666,0.319666,0.305998,0.305998,0.305998,0.305762,0.305762,0.305762,381,739,1120,560.0,True/True,True/True,"awful1,cat_1810"
cat,0.307658,0.307658,0.307658,0.286835,0.286835,0.286835,0.292117,0.292117,0.292117,117,365,482,241.0,True/True,True/True,"awful1,dog_1810"
house,0.299576,0.299576,0.299576,0.274894,0.274894,0.274894,0.285677,0.285677,0.285677,3530,4416,7946,3973.0,True/True,True/True,"awful1,None"
