word,AP 1960-2010,AP All,AP Avg,K5 1960-2010,K5 All,K5 Avg,K7 1960-2010,K7 All,K7 Avg,FREQ 1960,FREQ 2010,FREQ All,FREQ Avg,MEANING GAIN/LOSS 1960-2010,MEANING GAIN/LOSS All,Parent
Solemn_1960,0.339117,0.339117,0.339117,0.322765,0.322765,0.322765,0.331826,0.331826,0.331826,459,372,831,415.5,True/True,True/True,"awful1,None"
Majestic_1960,0.319666,0.319666,0.319666,0.305998,0.305998,0.305998,0.305762,0.305762,0.305762,381,739,1120,560.0,True/True,True/True,"awful1,majestic_1810"
Awe_1960,0.307658,0.307658,0.307658,0.286835,0.286835,0.286835,0.292117,0.292117,0.292117,117,365,482,241.0,True/True,True/True,"awful1,gloomy_1810"
Dread_1960,0.299576,0.299576,0.299576,0.274894,0.274894,0.274894,0.285677,0.285677,0.285677,3530,4416,7946,3973.0,True/True,True/True,"awful1,None"
Pensive_1960,0.209577,0.299577,0.299577,0.274895,0.274895,0.274895,0.285678,0.285678,0.285678,3531,4417,7947,3973.1,True/True,True/True,"awful1,None"
Gloomy_1960,0.259578,0.299578,0.299578,0.274896,0.274896,0.274896,0.285679,0.285679,0.285679,3532,4418,7948,3973.2,True/True,True/True,"awful1,None"
