word,AP 1810-1860,AP All,AP Avg,K5 1810-1860,K5 All,K5 Avg,K7 1810-1860,K7 All,K7 Avg,FREQ 1810,FREQ 1860,FREQ All,FREQ Avg,MEANING GAIN/LOSS 1810-1860,MEANING GAIN/LOSS All,Parent
bird_1810,0.339117,0.339117,0.339117,0.322765,0.322765,0.322765,0.331826,0.331826,0.331826,459,372,831,415.5,True/True,True/True,"awful,None"
dog_1810,0.319666,0.319666,0.319666,0.305998,0.305998,0.305998,0.305762,0.305762,0.305762,381,739,1120,560.0,True/True,True/True,"awful,None"
cat_1810,0.307658,0.307658,0.307658,0.286835,0.286835,0.286835,0.292117,0.292117,0.292117,117,365,482,241.0,True/True,True/True,"awful,None"
house_1810,0.299576,0.299576,0.299576,0.274894,0.274894,0.274894,0.285677,0.285677,0.285677,3530,4416,7946,3973.0,True/True,True/True,"awful,None"
